Year,Num Obs,Mean XCO2,Min XCO2,Max XCO2
2016,2006,402.0463562011719,381.6788024902344,415.2076110839844
2017,2155,403.9568786621094,389.7987976074219,416.54119873046875
2018,2060,406.412353515625,389.360595703125,416.9866027832031
2019,2025,408.8039855957031,390.22119140625,421.0097961425781
2020,2189,411.3981018066406,397.83660888671875,428.23040771484375
