Year,Num Obs,Mean XCO2,Min XCO2,Max XCO2
2016,2708,402.1400451660156,381.6788024902344,415.2076110839844
2017,2752,404.0379333496094,389.7987976074219,416.54119873046875
2018,3018,406.5367736816406,389.360595703125,416.9866027832031
2019,2777,408.9444885253906,390.22119140625,421.9939880371094
2020,3121,411.3799133300781,397.5483093261719,428.23040771484375
