Year,Num Obs,Mean XCO2,Min XCO2,Max XCO2
2016,388,402.4646301269531,389.2250061035156,412.243408203125
2017,388,404.2337951660156,395.4335021972656,412.6227111816406
2018,394,406.8908386230469,393.4783020019531,415.6108093261719
2019,329,409.6526794433594,392.84820556640625,421.9939880371094
2020,482,412.0636291503906,397.5483093261719,420.1549987792969
