Year,Num Obs,Mean XCO2,Min XCO2,Max XCO2
2016,713,401.3644104003906,393.841796875,409.885986328125
2017,922,403.3116455078125,399.0398864746094,410.5557861328125
2018,1022,405.515869140625,398.9035949707031,414.5972900390625
2019,833,407.9250183105469,397.9451904296875,416.1274108886719
2020,886,410.5492858886719,400.7073974609375,416.59698486328125
