Year,Num Obs,Mean XCO2,Min XCO2,Max XCO2
2016,702,402.5784912109375,389.2250061035156,412.243408203125
2017,597,404.0826110839844,395.4335021972656,412.6227111816406
2018,958,406.8679504394531,393.4783020019531,415.6108093261719
2019,752,409.216796875,392.84820556640625,421.9939880371094
2020,932,411.4717712402344,397.5483093261719,420.1549987792969
